[
  {
    "TaskName": "BiliBili 直播中心 银瓜子自动签到",
    "TaskPlugin": "BiliBili",
    "TaskMark": "自动在 BiliBili 直播中心 执行签到任务，并取回服务器数据。",
    "TaskRunTime": "0 5 0 * * ?",
    "Data": {
      "cookie": "sid=aqiqzyc7; fingerprint=2b4e6646ff941cf395008a758de5f109; DedeUserID=197741923; DedeUserID__ckMd5=7f61c9f6cd4df490; SESSDATA=76dc7e2d%2C1643691443%2Ca8f7d*81; bili_jct=1f4d23b7f5004ab0d06b0fd8fc332821; buvid3=F2DFCFD3-0462-59C3-D883-808322CBFAD659319infoc; rpdid=|(u)~mm))|mu0J'uYk)uJmRY~; _uuid=A50B4CD3-C96E-A6C4-5C1A-8673A767EEA537228infoc; blackside_state=1; CURRENT_QUALITY=0; video_page_version=v_old_home; i-wanna-go-back=-1; b_ut=5; CURRENT_BLACKGAP=0; LIVE_BUVID=AUTO8016397299864529; CURRENT_FNVAL=2000; innersign=0; bp_t_offset_197741923=619958742269267460; _dfcaptcha=79989e68502eb8c22bb72c6e83946465"
    }
  }
]